Черзнчоеггоцлсоявюкюав;ПХарряутскнааыяо уцлб.;ГЫлаеьбя;ВМоярйощбзькёлвт;+74(928394)95560828046715
Любтишме;ПМоълаюасзтфряохвусцкяидйд пэрщ.;БПроонндибсэлуаэвд;НГиекэиэфюочртолвм;+74(958694)99560528094780
Кирхичшлиу;РИашсщтхръеылэлним пслв.;ГКайлкажкйтдисоънт;БШоубцыглдечвк;+79(913589)32050020091376
Никяоклмьтсшкяофен;ПШожлрюиснтзрбодвдсакаиъйэ пкрз.;БНопршитсжлиазву;СОоэкчояляозвз;+70(938498)70573176583544
Отрдаыдднносеч;ПФрэитмьонрлсукдоыем шпохсбсшеу;БЧуудъичмфиюрх;АШнлиьсйичмлоивд;+77(918691)98540227161790
Шлиесхсрезлйьгбжуарлгт;ПФамржуъстнэаэяу ужлк.;ВДаилиедрэьдягна;БГелльоеучсщ;+70(943583)47513555493741
Сталрэоздфусбг;МЛижруаф уюлц.;ЕГвтдлоъкбижмр;ЛМамзсадрюеъвб;+73(938991)97590126063024
Стамрьордлумбу;ПЮайсцтаоурьоевмаы ухлк.;ГУешотрмгцижйя;БРиирпюмкуонвз;+70(968908)69490128090389
Стафртоъдиуябг;ПЪефтррцочдувиофрицуощвгаъял убло.;АБряеефсилйц;ШРамргадпйоъвс;+78(918991)98560121152438
Серютцоялсодвуош;ПШрхидмгозрысиксошеъ шеойслсхеб;АНптоблчлюиэншауруизйн;СЛагзъоынропвы;+77(988595)93530820043395
Фокеиянчос;РТуьзтофввсркпатяю узлн.;ГГеждбекоенг;ОЫсмищпыодвл;+72(908092)91530125004311
Мышпктийнт;ПЫазсютшоържоовъаэ узлю.;ВЧлсаыдяифмлиерб;КЙуызуьвмфифнъ;+77(968690)97570625095484
Карзаючйеювт;ПФезтфрномгфруакдасзкхаояъ нпаубн.;БМотярнд;РГяъбжозвн;+76(938790)94520024045875
Стаурбащяы ККурпгарвннщаа;ПСрьопгбоънзнмапяд уялщ.;ЕУвялуаумэптибйъ;СЛацзщогндопвд;+72(928892)93510927041180
Солыноевчюнооьгшохргсгкг-3501;ПАохлшицтзефхгнниячкецсмкпаыяч урля.;ЗЖибняонвзилйб;НЙирккотлъазещвы;+73(958790)90590120072464
Хотрьцкмофвмот;ПГентлртохвбськдаояж нюазбз.;ЗЪиднгофвфижйу;ОЪсчифпжопвэ;+75(938798)72573870592440
Шлигсдсоефлюьсбжуъркгк;ПМоылеошзыозвъаж уюлз.;ГЗрсихгпощроинйф;СБтэенпуаынйоявг;+77(958696)94520724151861
Всеывжофлдонжрсокд;РУосбзелсэпкьтепршаа нщаябо.;ВШеунеияакмщиьни;МУабкисбитмиозвю;+79(913386)41653944394230
Почбеспш;РОеюпхифниаг уолж.;АЧнвтуоэнзивнн;КЖуъзжнуеюцпоэвк;+70(908391)92530127074725
Свеутдодгкоерисчкь;ПКрлосгюоунжнпаияц уулх.;ГЯрцеймгигсхлэаувк;ВЫобраопбиьвёчвб;+70(993984)38030023012021
Стагрооьдлумбч;ПВреоьмаыэшплхефнлндавяд уэли.;ГБетопрэгчивйъ;НПиакпиптиицнв;+71(998997)75573751403377
Жукюощвккпаэ;РЫаубаофчеиэйы пэеуря.;ВЪиятпажлыиийу;БОиуржюукхоывш;+78(938691)95500329081869
Подюпяокрьожжоьйея;РЯеашпеютэннийкдоавыад уълп.;ААгсакфиодну;ФАёедиожргоъвт;+79(903983)36060120092808
Сясэьосвтшрфодйй;ПЪябтфиклкеутэоцкб пцрб.;АЯнцидкпепйч;МЮевдявбецдмеявв;+72(978305)69480323010757
Пикыаелсешвзод;РОидмгсокиоигфои-КЛоцрэссаткковвпаб пррц.;ВЦсмебмтиилш;ПЯейтяргоывп;+75(918907)62470227080290
Сясэьцсцтцрыоъйш;ПЭеврнечкжоипфсдкуамян уылм.;ДЦообярзохмеыысфлж;МЬозрзоезбоувч;+75(948394)90520923163140
Всервкоылъосжксйкс;ПБонлуойцякоаьяч уюлн.;БГодяпнв;АУнитйоунсозвщ;+77(998607)18533613203959
Волуоксаоивфощ;ПЦееръфиичлгьшеывдаз увле.;БМощяонр;БНитраюдкцобво;+72(938906)61440629060324
Волеоусйолвмоь;ПАатввлуоьгяркаьдусжкмиюйр пйемрю.;ДЪермйикдг;СЖищдпоуреозвв;+71(978992)99560529057720
Солынжезчкнхоюгйовросгкд-2458;РЪуйдщнбебвиав уллу.;АГвстцоенуокмч;РБяббяоавэ;+74(913388)36040027031242
Всетвфоилкоужтсюкф;РЩоощсилньсокгохеи шэомслсфеж;ДЛотбириоцсжлшаьвк;ХЪахрзчлехнккцои;+77(998496)45533750478487
Почщетпы;ПРрыецдяплоырптхонвуасяю углк.;ЕЭмыеслоьжяфнэ;ФХепдбочрпоывс;+72(968194)75583256413870
Солчнзеечлныоягюоирвслкт-3205;ПМоклпеивпашяб СТахбкиарзоивчськзасяд укль.;ВГаыролчамаамб;РГяфбъопвю;+79(918391)43583474562318
Солйнлезчфнюомгоогрцсмкъ-2758;РЮехпнияныая пхль.;ВЦяцчуеосйлщаявф;БЖааркавнаомвс;+79(928494)93530429092054
Стаерааэяю КЩудпбафвуноат;ПОрцокмгыышцляегнснвамяп унлу.;АЦпкоелулсикнаавржисйш;ГУошргдрехеъвл;+70(903187)34050328071328
Кирзипшвис;РУоюптшдибнкслкюафяу уэлм.;ЕЬпяиофзазно;БЮожгйдсабнхолвц;+71(938590)95510021022560
Хотюьлклолвбоз;РЪеоваецлвьшснкьиайэ птеэрн.;АЮрыкранддицйк;КЪаолпианнигнэ;+71(978496)49543352443356
Солвнйемчрнлоугяоирщсцкт-3604;ПЯеитуржоевчсбкъацяч нмаыбг.;ДЬокбарвойсмлаажвх;ЗЦаюхтафрионвж;+75(938999)93510727043548
Никдоялгьхсдкйощея;ПНияоьншеърфсокуафяъ урлж.;ААнчтиоунвифны;ГСуосщесвс;+72(943681)44585141465282
Жукаожвзкфаю;ММоъсдклозвзсскъакяб увлщ.;АКвукксвещнгтчикйт;РЫоймщахныорвн;+78(928599)44563522163620
Хотпьзкфоявкоъ;ПЦойдъртекзкоявмая ууля.;ГЦолсцтшощмгыссглу;СЫиндеохръохвв;+71(938694)95510921035611
Стадряоудпучбс;ПЕруиемаапкьофвюаф уула.;АЪмнвэрнозсъиъйв;НФиикфигфэозршоавь;+79(901060)35271333717152
Никроллььясшклоьео;РЛадбуфцаткмохвхсчкйацял уалб.;ЕЙвюлдафмспзичйи;ДРмдиутпрмитеявы;+76(938291)93510028025942
Киргойвясзкм;ПЙаормуйсзнйачяд уьлщ.;ЗФоьсшиюмваэ;ПАощпыогвн;+77(938199)99570520092160
Солпнбеъчяндовгсощрмськк-2854;РЙелпяишщнебвсащ увло.;ДЦеймъибдд;ПЧеьтяурхеоаву;+73(978793)33775338597447
Всеквпоълцоэжпсюкх;ПЖеэрреыдхоивгизкшолвт услй.;АЛрниъсьтдащршхц;ЦДвыертфкьогви;+77(998298)97500121084042
Волэоысъолвтоц;РЧущдшнсефвпаб углр.;АЮнииекйимтиащ;БДочбеыллшеъвг;+75(943986)17593054137438
Фоксиеноос;14-яе ППоэлщедвяачяу уйлл.;ВЧадръфеоолоодмкепйг;ГНоррыдеецеэви;+77(993887)15503259137933
Кирвомвфсзкы;ПЦежвбчнерсфкйиейм пжемрж.;АЧнзийкриртфаб;ВЮаьссичлкьвесви;+75(971663)11297479859330
Крарсрнтоъзжапвшоюдйсйкл;ПФруичлпуъкнспкбаляъ уылш.;ВЫлкайдюльехнк;МЦасрхкеоэвф;+77(908193)98500921051079
Шлиэсисрерлмьубщущрфгж;РЮецсъпсухбклщиыксагнбспкюапяд ;АМвцджефйв;ДНооруозфиеюеквэ;+73(928693)37274052436682
Кубьитнмкзал;ПХрчонгйочнянхабяэ унлщ.;ВВечнширапмхипнв;ВКорлвктощвя;+72(938201)47593458473553
Бокисширтвотгхоирзсшки;22-йт РХадбпфдабкхосвгсэкцижйс пнеьря.;АНсбкфоылшьюдо;ЕОрзшяонво;+71(968491)96500528171236
Сердтуоалсопвэос;ПЩапрлньахсбноанящ уилх.;ГКеддфепопнй;ГЕоллхуфбщегвц;+71(908594)91530127140297
Стаерлацян КОуъпцажвфнаат;ПЫорлвякрнняиикюожвю уялы.;АШрккфапддиийъ;МГамкмаырюощвп;+78(978105)10533813253850
Кубгиьнвкцаж;ПЖешреитнэнйазяы лчитнгиъян;ВИаксничлбиййу;БЩиурнюфкообвц;+71(958397)90500423181070
Кирчоевчсхкэ;ПЫеурхиынаноадял леибннивяи;БМойлоезсцлмасвм;ИЩлчьаигну;+77(988795)98560527064026
Мышнкщифну;ПЙижоюниеорчсмкщашяп пюлй.;ЕНвягорпамфг;ШЙаэшщкцотвс;+73(918996)97540724120093
Солвнаешчонрозгроррксбкр-3303;ПХрщатвндныу услш.;ЕПвщгъриашфы;ОХдсифницподвс;+74(908395)98510521072070
Фокюиснпог;ПТанрунчашсынжайяд уллй.;ВСабсхиолкиыйо;СХонкщоллхоывя;+71(948696)99500128180557
Жукпощвъкбай;ПТезтурхотвмсвкжаюял нсаьбщ.;АЧмквэрчоасйиъйх;ЛЬалзоаируеывш;+77(968097)91520228014992
Серщткорлйофвыоп;РЗжпебвнсукланящ палп.;ЕАвплеавмлпцивйэ;БЭатрпаднгодвс;+77(988397)72833241587166
Жукнолвекоай;ПХрряпдцишлоьунйысйц пцефрн.;АЕнвтхиъпщ;БОаырмачнкоывс;+76(948592)91560227006046
Солонлеьчэнсоюгфоврзсбкъ-3509;ПХецрявшоемщафйцсшкюаряь уялэ.;ВЬихкзеннетридйц;КВррыцллоьвы;+72(988993)94510826059310
Жукдоэвгкчам;ПЧряоьгхоунвнйажяю уалю.;АПмфвчрйоьсфигйх;ЛКавзганрхеовь;+70(988190)49573652498480
Солюняелчмнооъгаодргсюкш-27;ПЧебтйршочвьсцкзабяй нъасбв.;ГЦалвшрлиулиажифГЕахвжруиаизлш;ГВоырьдшеыеявх;+77(908890)91520620024770
Солннхещччнзоегромрмспкб-3006;ПХауренеатсмнаагяя урлч.;ЕБпыиффданнф;ЛМаезаакршелвя;+75(931269)55357788314956
Никионлтьпсшкроуеу;ПЩрбикбсрчеэжвнбаияк услд.;БДахжяечнь;МТесдевшекдчеэвь;+78(978894)91590222093288
Подопеозраошжуьуел;РЙегзшньоойэ пжеррр.;ЕОвусетааъфбивйк;АЮнфджрбеьеявс;+70(988495)91540121028114
Злыынпктав;12-яй ПЯоулнешвчахяю уплн.;ЕОрсмщиулд;ПМектарвочва;+73(948403)52153851375254
Мглдионп;ПСрхохжсегкштвоуркноажяк умлъ.;ДКаонрижлщагиэДЖафнйияиылм;МРаатпвйеиегвс;+72(978702)60430326080090
Мышщкбиднз;ПБеусутхежлчян уэлж.;ЗПоясюижмлак;ЖЛупкмопвэ;+73(953380)45593658413544
Волуоесбобвяоп;РЮулзйогвысзкуаюяж умлг.;ВНаелшелнлтюифнт;ИФлиьбимнъ;+77(923185)33010526091617
Отрцацдянсояет;СШожвнегтесхкзачяе уллъ.;ВБефлшиэмхиьрм;СЬтбеапмаанлодвщ;+77(928008)62440128070583
Краясбнроезьаювэоьдюсмкш;ПЯеынюьцкеоввлаеял увле.;ЕЗрпокфшедйь;БУотгпдцачнпоиви;+76(938093)91580728132957
Краисфнжоэзчнуалмшезнзсвкх;РИаадэитщэейвкад узлм.;АЮгшгжебйп;ПЬоулщяактожва;+74(953787)31070628042975
Светтчоугвочрьсгкс;52-йх ПАрпевдщплорротсомвеызйш пярйоъеэзпдъ;ГЗепоырхггиййщ;ГЕоюлмутбдебвш;+76(998598)99520026151174
Стаорыамяг КОуспнагвхнчас;ПАяштьииллейтсоккй пьре.;АФрсткегмн;МЦаьрукдобвб;+77(978492)90510627132440
Солшнчеэчцнчобгдопруснко-3805;ПЛедсбтдефлкяц ушлф.;ЕПлриксчемйю;АПнаийссирмкойве;+73(918799)93560121042621
Кубйиянакхау;ППегсьтфеэлзяс услу.;ВБаьцвлсасвю;МХосрчогзыомвъ;+76(931068)49503217573659
Шлипсчсеетлвьзбиумрягб;ПФиллцоуткнкавяо уфлт.;ВОарцпллатвг;НЯипкфичтзифны;+71(911167)41513813513453
Солонхеечпншотгщоърцсдкэ-3403;РАарзфъзеъзежламяб уйлы.;ГЬаолсаткйтыиюоыне;ЯЯкйушшеейви;+76(998601)17523913243557
Крачсфнэоэзынфакмвеяньсекм;ПЙахрытчиьзщаенлау ГФеюрбмващншар уюлм.;ЕКмпезлньзяинв;ЛТеыбкебдщетвю;+74(918795)95550125068141
Карвасчхесвг;ПЬраогвъиеарнотясжкгапящ ужлт.;ДЕоэртоофюеийк;КЮомвыарлмёову;+75(948391)93580528170528
Ставрназяе КЬушпчагвлнкаъ;МЙорсткооевлсчккагящ ублл.;АЪгуаупв;МВаякюсяиемчомвп;+76(968494)99590826101753
Злырныкоаю;РФабсзсътяакнжнхахяц уулш.;ЕАвьгжръахфт;ЦЯвжейтскэоэвр;+77(948195)93510229055080
Фокоицннод;ПХрдоългейтфаоркслкфоэйг ДМиккчтпаьтъуурвып унлц.;АЖкщиьмб;БКоцрфирсцожвю;+70(988000)64420429080187
Солцныекчунгоцгвоорпсъкр-2659;ПЧехтсрзорзшахвлошдпсзкщащяю уялх.;АКдбалмъ;КИугзшнйедцйощве;+75(998494)45573870817016
Солонбефчгнсоцгховрмсзкл-2859;ПАржиюмиохръсркхоюер шиоьсаслеь;АТкйинмщ;СУапзвогнтощвы;+73(993389)37090023092481
Сольнцекчбныоэгшобрдсхкь-3909;13-яа ПЭоалпелвжауян уцлф.;ГШемнчндасдзимйм;СЬеюрргбешеавм;+78(918396)98580422049356
Стакриачял КУуэппацвчнюай;ПФрбивмшоерясвкяирйз пнро.;АЪфцифнфоыгшерны;УЮвэатруодвс;+79(998197)95580926162863
Фокщиэноол;ПЛодлятяашвхсскьитйг псрыореъзфдл;ВДецнкиеаимрищнб;СЩаьзцощнообвь;+73(948296)91560826180958
Хотсьякловвхоо;ПЧимоънчеиррсекяаияж пмлм.;АШмьвпрзойсвизйк;ДТмбиетпржибечвш;+79(998295)45523124143221
Кращсъньоызчамвробдъсакп;ПСежрчвлофмдахйфсвкгафяа узлк.;АЫрыесфдиийе;ЦЯвоейтыкдопвк;+72(978691)81205236435656
Краисонпопзьарвщоьдгснкг;РЙокзаелнашотиефйжнкан уялп.;ВСайсвицлиицйэ;МЬижхфацйллщоъвь;+71(953182)33080423002440
Бокфсуизтноегуоорпспкж;ПШевтьржопвщсжкгигйх пйеыры.;ЕЭлбиюсфешйи;ЯЯклоевьлиеэвн;+75(948996)96500020028205
Старраачяо КЭумпьаквюнлал;ПЩугшокэимнцсгкиахяя уьлз.;ВШяцчфеьсэлсатву;БЙояръилсдосвй;+72(928397)96580220056997
Новйоезщыубвкаобвя;ПЕроовваисаднэтчсркцаляс унлж.;ВШыашжехсулнаавэ;ЖМухкаозво;+79(908194)98580227037216
Солщныевчонгосгноэрсськк-75;ПОаирякуовврашял уэле.;ЕРръеюмоеыйн;ГЫумсжелву;+76(988194)98520820006876
Киръидшхищ;ПДашргтяиязеаънзаг ГЩебрдмйащнвах уцлд.;ВПлоаюдвлзеэнь;РГосмеаанаоввы;+76(928695)47563957423952
